{"count":1,"self":33.881155199999995,"total":35.8314941,"children":{"InitializeActuators":{"count":10,"self":0.0029901999999999997,"total":0.0029901999999999997,"children":null},"InitializeSensors":{"count":10,"self":0.0050694,"total":0.0050694,"children":null},"AgentSendState":{"count":2273,"self":0.080603399999999992,"total":0.32338829999999996,"children":{"CollectObservations":{"count":4550,"self":0.17806919999999998,"total":0.17806919999999998,"children":null},"WriteActionMask":{"count":4550,"self":0.00895,"total":0.00895,"children":null},"RequestDecision":{"count":4550,"self":0.055765699999999994,"total":0.055765699999999994,"children":null}}},"DecideAction":{"count":2273,"self":1.5322523,"total":1.5322523,"children":null},"AgentAct":{"count":2273,"self":0.0856412,"total":0.0856412,"children":null}},"gauges":{},"metadata":{"timer_format_version":"0.1.0","start_time_seconds":"1621431430","unity_version":"2019.4.20f1","command_line_arguments":"C:\\Program Files\\Unity\\Hub\\Editor\\2019.4.20f1\\Editor\\Unity.exe -projectPath C:\\Users\\Nathan Duker\\Documents\\AGENTS\\ml-agents\\Project","communication_protocol_version":"1.5.0","com.unity.ml-agents_version":"2.0.0-exp.1","scene_name":"Worm","end_time_seconds":"1621431466"}}